Set Coverage Problem,Description,Optimization Type,Algorithmic Paradigms,Additional Insights
k-Means Clustering,"Partition data points into k clusters, minimizing within-cluster variance.","Continuous Optimization, Stochastic Optimization","Greedy, Heuristics, Metaheuristics, Randomized","Works with Euclidean spaces, non-convex optimization; k-means++ improves centroid initialization."
Set Cover Problem,Select the smallest subset of sets that cover all elements of a universal set.,"Combinatorial Optimization, Approximation","Greedy, Exact Algorithms, Integer Programming","NP-hard problem; approximation algorithms provide logarithmic guarantees (e.g., greedy approach)."
Facility Location Problem,Select facility locations to minimize the total cost of opening facilities and serving clients.,"Combinatorial Optimization, Integer Programming","Greedy, Exact Algorithms, Heuristics",Includes variants like capacitated or uncapacitated versions; widely used in logistics.
Dominating Set Problem,Identify a subset of vertices in a graph such that every vertex is either in the subset or adjacent to one.,"Combinatorial Optimization, Approximation","Greedy, Heuristics, Approximation Algorithms","NP-hard problem; has applications in sensor networks, network design, and social graphs."
Vertex Cover Problem,Find the smallest subset of vertices such that every edge in the graph is incident to at least one vertex.,"Combinatorial Optimization, Approximation","Exact Algorithms, Greedy, Heuristics, Approximation",NP-hard; approximation algorithms provide 2-approximation guarantees; related to edge covers in graph theory.
Set Packing Problem,Select a subset of sets such that no two sets overlap and the total weight is maximized.,"Combinatorial Optimization, Integer Programming","Exact Algorithms, Greedy, Heuristics",NP-hard; dual to the Set Cover Problem; used in scheduling and resource allocation.
Sensor Placement Problem,Select optimal locations for sensors to maximize area coverage under budget constraints.,"Multi-Objective Optimization, Stochastic Optimization","Greedy, Metaheuristics, Heuristics",Real-world applications in environmental monitoring and smart cities; stochastic variants handle uncertainty.
Maximum Coverage Problem,Select a limited number of sets to maximize the total number of covered elements.,"Combinatorial Optimization, Approximation","Greedy, Integer Programming, Heuristics",NP-hard; approximation algorithms achieve (1 - 1/e)-approximation bounds with greedy strategies.
Team Formation Problem,Select a subset of individuals with diverse skills to cover all required tasks.,"Combinatorial Optimization, Multi-Objective Optimization","Greedy, Exact Algorithms, Metaheuristics",Applications in workforce planning and project assignment; can involve fairness or cost constraints.
k-Center Problem,Select k centers such that the maximum distance from any point to the nearest center is minimized.,"Combinatorial Optimization, Approximation","Greedy, Heuristics, Approximation Algorithms",NP-hard; greedy algorithms provide a 2-approximation solution.
Coverage Path Planning,Plan a path for a robot or drone to cover a target area efficiently.,"Combinatorial Optimization, Continuous Optimization","Greedy, Metaheuristics, Constraint Programming","Widely used in robotics, agriculture, and surveillance; involves spatial constraints."
Redundancy Reduction Problem,Select a subset of elements to cover a domain while minimizing overlap or redundancy.,"Multi-Objective Optimization, Combinatorial Optimization","Heuristics, Exact Algorithms, Greedy",Useful in sensor networks and database optimization; often balances coverage and redundancy.
